model_key,model_name,alpha,p_event,seed,held_out_chromosome,training_pearson_r,holdout_pearson_r,holdout_spearman_r,holdout_rmse,holdout_hotspot_auroc_top10_within_chromosome,holdout_hotspot_auprc_top10_within_chromosome,holdout_hotspot_positive_fraction,holdout_n_sites
partial_hic_fallback,partially Hi-C-informed sampling with distance-based fallback,2.0,0.03,1713891987,SynII,0.34333478420671265,-0.03821900723625024,-0.02189546573493527,0.004031512480647735,0.46791972866026005,0.10338958746063392,0.10622710622710622,273
partial_hic_fallback,partially Hi-C-informed sampling with distance-based fallback,2.0,0.03,1713891987,SynIII,0.5224037146051118,0.06813742624667334,0.16374993870986887,0.016220130344413178,0.6627777777777778,0.22123081470399764,0.1,100
linear_distance,linear-distance sampling,1.0,0.18,1673311115,SynIXR,0.3886102895116003,0.09912455144966469,0.03921733499077801,0.026852329828402983,0.6907894736842105,0.3781211083842663,0.13636363636363635,44
partial_hic_fallback,partially Hi-C-informed sampling with distance-based fallback,2.0,0.03,1713891987,SynVI,0.5266953327247438,0.11847858464599648,0.1706823228228059,0.022336902821356353,0.6130952380952381,0.3442644288897602,0.11267605633802817,71
