control_type,observed_pearson_r,replicates,null_mean,null_ci_low,null_ci_high,empirical_p_one_sided,model_key,alpha,p_event
global_site_label_shuffle,0.45086589541930333,10000,0.00014564608852296062,-0.0799097449486242,0.10037550107951221,9.999000099990002e-05,partial_hic_fallback,2.0,0.03
within_chromosome_site_label_permutation,0.45086589541930333,10000,0.26528178108179745,0.16478826544799743,0.3756602108228716,0.00019998000199980003,partial_hic_fallback,2.0,0.03
between_chromosome_profile_permutation,0.45086589541930333,10000,0.0642303536435243,-0.185281002122393,0.49205726481779405,0.08199180081991801,partial_hic_fallback,2.0,0.03
shuffled_hic_vs_distance_model_label,0.059740689856653095,10000,2.921030963637179e-05,-0.17491319049302287,0.1787259322569638,0.28647135286471354,partial_hic_fallback,2.0,0.03
